,,,,,,,,,,,,,No Filters Selected,No Filters Selected,No Filters Selected,No Filters Selected,No Filters Selected,No Filters Selected,No Filters Selected,No Filters Selected,No Filters Selected,No Filters Selected,No Filters Selected,No Filters Selected,No Filters Selected,No Filters Selected,No Filters Selected,No Filters Selected,No Filters Selected,No Filters Selected,No Filters Selected,No Filters Selected,No Filters Selected,No Filters Selected,No Filters Selected,No Filters Selected,No Filters Selected,No Filters Selected,No Filters Selected,No Filters Selected,No Filters Selected,No Filters Selected,No Filters Selected,No Filters Selected,No Filters Selected,No Filters Selected,No Filters Selected,No Filters Selected,No Filters Selected,No Filters Selected,No Filters Selected,No Filters Selected,No Filters Selected,No Filters Selected,No Filters Selected,No Filters Selected,No Filters Selected,No Filters Selected,No Filters Selected,No Filters Selected,No Filters Selected,No Filters Selected,No Filters Selected,No Filters Selected,No Filters Selected,No Filters Selected,No Filters Selected,No Filters Selected,No Filters Selected,No Filters Selected,No Filters Selected,No Filters Selected,No Filters Selected,No Filters Selected,No Filters Selected,No Filters Selected,No Filters Selected,No Filters Selected,No Filters Selected,No Filters Selected,No Filters Selected,No Filters Selected,No Filters Selected,No Filters Selected,No Filters Selected,No Filters Selected,No Filters Selected,No Filters Selected,No Filters Selected,No Filters Selected,No Filters Selected,No Filters Selected,No Filters Selected,No Filters Selected,No Filters Selected,No Filters Selected,No Filters Selected,No Filters Selected,No Filters Selected,No Filters Selected
OnOff Premises,Account Names,Address,City,State,Zip Code,Phone,Store Num,VIP Outlet ID,Last KARMA entry,Item Names,Classes of Trade,Dist Routes,1 Year 1/1/2026 thru 7/20/2026  Case Equivs,1 Year 1/1/2026 thru 7/20/2026  Units Sold,1 Year 1/1/2026 thru 7/20/2026  Barrel Equivs,1 Year 1/1/2026 thru 7/20/2026  Net Price,1 Year 1/1/2026 thru 7/20/2026  Ave Unit Price,1 Year 1/1/2026 thru 7/20/2026  Did Buys,1 Year 1/1/2026 thru 7/20/2026  Did Buys(All Accts),1 Year 1/1/2026 thru 7/20/2026  Effective Placements,1 Year 1/1/2026 thru 7/20/2026  Effective(All Accts),1 Year 1/1/2026 thru 7/20/2026  Brand Placements,1 Year 1/1/2026 thru 7/20/2026  Brd Placements(All),1 Year 1/1/2026 thru 7/20/2026  ROS per Acct,1 Year 1/1/2026 thru 7/20/2026  ROS per Placement,1 Year 1/1/2026 thru 7/20/2026  Pct Sold,1 Year 1/1/2026 thru 7/20/2026  Authorized Can Buys,1 Year 1/1/2026 thru 7/20/2026  Authorized Acct Gaps,1 Year 1/1/2026 thru 7/20/2026  Authorized Items,1 Year 1/1/2026 thru 7/20/2026  Total F.O.B.,1 Year 1/1/2026 thru 7/20/2026  Authorized Item Gaps,1 Year 1/1/2026 thru 7/20/2026  First Buy Date,1 Year 1/1/2026 thru 7/20/2026  Last Buy Date,1 Year 1/1/2026 thru 7/20/2026  Avg. F.O.B.,1 Year 1/1/2026 thru 7/20/2026  # Purchases,1 Year 1/1/2025 thru 7/18/2025  Case Equivs,1 Year 1/1/2025 thru 7/18/2025  Units Sold,1 Year 1/1/2025 thru 7/18/2025  Barrel Equivs,1 Year 1/1/2025 thru 7/18/2025  Net Price,1 Year 1/1/2025 thru 7/18/2025  Ave Unit Price,1 Year 1/1/2025 thru 7/18/2025  Did Buys,1 Year 1/1/2025 thru 7/18/2025  Did Buys(All Accts),1 Year 1/1/2025 thru 7/18/2025  Effective Placements,1 Year 1/1/2025 thru 7/18/2025  Effective(All Accts),1 Year 1/1/2025 thru 7/18/2025  Brand Placements,1 Year 1/1/2025 thru 7/18/2025  Brd Placements(All),1 Year 1/1/2025 thru 7/18/2025  ROS per Acct,1 Year 1/1/2025 thru 7/18/2025  ROS per Placement,1 Year 1/1/2025 thru 7/18/2025  Pct Sold,1 Year 1/1/2025 thru 7/18/2025  Authorized Can Buys,1 Year 1/1/2025 thru 7/18/2025  Authorized Acct Gaps,1 Year 1/1/2025 thru 7/18/2025  Authorized Items,1 Year 1/1/2025 thru 7/18/2025  Total F.O.B.,1 Year 1/1/2025 thru 7/18/2025  Authorized Item Gaps,1 Year 1/1/2025 thru 7/18/2025  First Buy Date,1 Year 1/1/2025 thru 7/18/2025  Last Buy Date,1 Year 1/1/2025 thru 7/18/2025  Avg. F.O.B.,1 Year 1/1/2025 thru 7/18/2025  # Purchases,Diff  Case Equivs,Diff  Units Sold,Diff  Barrel Equivs,Diff  Net Price,Diff  Ave Unit Price,Diff  Did Buys,Diff  Did Buys(All Accts),Diff  Effective Placements,Diff  Effective(All Accts),Diff  Brand Placements,Diff  Brd Placements(All),Diff  ROS per Acct,Diff  ROS per Placement,Diff  Pct Sold,Diff  Authorized Can Buys,Diff  Authorized Acct Gaps,Diff  Authorized Items,Diff  Total F.O.B.,Diff  Authorized Item Gaps,Diff  Avg. F.O.B.,Diff  # Purchases,Pct  Case Equivs,Pct  Units Sold,Pct  Barrel Equivs,Pct  Net Price,Pct  Ave Unit Price,Pct  Did Buys,Pct  Did Buys(All Accts),Pct  Effective Placements,Pct  Effective(All Accts),Pct  Brand Placements,Pct  Brd Placements(All),Pct  ROS per Acct,Pct  ROS per Placement,Pct  Pct Sold,Pct  Authorized Can Buys,Pct  Authorized Acct Gaps,Pct  Authorized Items,Pct  Total F.O.B.,Pct  Authorized Item Gaps,Pct  Avg. F.O.B.,Pct  # Purchases
ON,HOUNDS COURT,120 N NEIL ST,CHAMPAIGN,IL,61820,2173985133,,4743570,20260612,Citrus Surfer 1/2 Barrel Keg,BAR/TAVERN,"KATHRIN MATHIS 108- Skeff Distributing Co., IL",6.888889,1,0.5,162,162,1,1,1,1,1,1,6.888889,6.888889,1,0,0,0,0,0,06/18/2026,06/18/2026,0,1,0,0,0,0,0,0,0,0,0,0,0,0,0,0,0,0,0,0,0,01/01/0001,01/01/0001,0,0,6.888889,1,0.5,162,162,1,1,1,1,1,1,6.888889,6.888889,1,0,0,0,0,0,0,1,1,1,1,1,1,1,1,1,1,1,1,1,1,1,0,0,0,0,0,0,1
ON,HOUNDS COURT,120 N NEIL ST,CHAMPAIGN,IL,61820,2173985133,,4743570,20260612,Easy Eddy 1/6 Barrel Keg,BAR/TAVERN,"KATHRIN MATHIS 108- Skeff Distributing Co., IL",4.586667,2,0.332903,180,90,1,1,1,1,1,1,4.586667,4.586667,1,0,0,0,0,0,06/18/2026,06/18/2026,0,1,0,0,0,0,0,0,0,0,0,0,0,0,0,0,0,0,0,0,0,01/01/0001,01/01/0001,0,0,4.586667,2,0.332903,180,90,1,1,1,1,1,1,4.586667,4.586667,1,0,0,0,0,0,0,1,1,1,1,1,1,1,1,1,1,1,1,1,1,1,0,0,0,0,0,0,1
ON,TURTLE RUN GOLF CLUB,332 E LIBERTY LN,DANVILLE,IL,61832,2174423320,,2486495,0,Citrus Surfer 1/6 Barrel Keg,RECREATION/ ENTERTAINMENT,"TOBI HOPE 702- Skeff Distributing Co., IL",11.466666,5,0.832259,350,70,1,1,1,1,1,1,11.466666,11.466666,1,0,0,0,0,0,06/19/2026,07/10/2026,0,4,0,0,0,0,0,0,0,0,0,0,0,0,0,0,0,0,0,0,0,01/01/0001,01/01/0001,0,0,11.466666,5,0.832259,350,70,1,1,1,1,1,1,11.466666,11.466666,1,0,0,0,0,0,0,4,1,1,1,1,1,1,1,1,1,1,1,1,1,1,0,0,0,0,0,0,1
ON,THE FOURNINE,1425 HWY 121,MT ZION,IL,62549,2178641759,,4480662,20260610,Citrus Surfer 1/2 Barrel Keg,RESTAURANT,"GAVIN BRAND 101- Skeff Distributing Co., IL",6.888889,1,0.5,162,162,1,1,1,1,1,1,6.888889,6.888889,1,0,0,0,0,0,07/14/2026,07/14/2026,0,1,0,0,0,0,0,0,0,0,0,0,0,0,0,0,0,0,0,0,0,01/01/0001,01/01/0001,0,0,6.888889,1,0.5,162,162,1,1,1,1,1,1,6.888889,6.888889,1,0,0,0,0,0,0,1,1,1,1,1,1,1,1,1,1,1,1,1,1,1,0,0,0,0,0,0,1
ON,THE FOURNINE,1425 HWY 121,MT ZION,IL,62549,2178641759,,4480662,20260610,Citrus Surfer 1/6 Barrel Keg,RESTAURANT,"GAVIN BRAND 101- Skeff Distributing Co., IL",2.293333,1,0.166452,70,70,1,1,1,1,1,1,2.293333,2.293333,1,0,0,0,0,0,06/16/2026,06/16/2026,0,1,0,0,0,0,0,0,0,0,0,0,0,0,0,0,0,0,0,0,0,01/01/0001,01/01/0001,0,0,2.293333,1,0.166452,70,70,1,1,1,1,1,1,2.293333,2.293333,1,0,0,0,0,0,0,1,1,1,1,1,1,1,1,1,1,1,1,1,1,1,0,0,0,0,0,0,1
ON,BEVOS,205 W DEBBY DR,MT ZION,IL,62549,2178649227,,4765053,20260610,Neighborhood Beer 1/6 Barrel Keg,BAR/TAVERN,"GAVIN BRAND 101- Skeff Distributing Co., IL",4.586666,2,0.332904,120,60,1,1,1,1,1,1,4.586666,4.586666,1,0,0,0,0,0,06/09/2026,06/23/2026,0,2,0,0,0,0,0,0,0,0,0,0,0,0,0,0,0,0,0,0,0,01/01/0001,01/01/0001,0,0,4.586666,2,0.332904,120,60,1,1,1,1,1,1,4.586666,4.586666,1,0,0,0,0,0,0,2,1,1,1,1,1,1,1,1,1,1,1,1,1,1,0,0,0,0,0,0,1
ON,BEVOS,205 W DEBBY DR,MT ZION,IL,62549,2178649227,,4765053,20260610,Citrus Surfer 1/6 Barrel Keg,BAR/TAVERN,"GAVIN BRAND 101- Skeff Distributing Co., IL",2.293333,1,0.166452,70,70,1,1,1,1,1,1,2.293333,2.293333,1,0,0,0,0,0,06/09/2026,06/09/2026,0,1,0,0,0,0,0,0,0,0,0,0,0,0,0,0,0,0,0,0,0,01/01/0001,01/01/0001,0,0,2.293333,1,0.166452,70,70,1,1,1,1,1,1,2.293333,2.293333,1,0,0,0,0,0,0,1,1,1,1,1,1,1,1,1,1,1,1,1,1,1,0,0,0,0,0,0,1
ON,BEVOS,205 W DEBBY DR,MT ZION,IL,62549,2178649227,,4765053,20260610,Easy Eddy 1/6 Barrel Keg,BAR/TAVERN,"GAVIN BRAND 101- Skeff Distributing Co., IL",2.293333,1,0.166452,90,90,1,1,1,1,1,1,2.293333,2.293333,1,0,0,0,0,0,06/09/2026,06/09/2026,0,1,0,0,0,0,0,0,0,0,0,0,0,0,0,0,0,0,0,0,0,01/01/0001,01/01/0001,0,0,2.293333,1,0.166452,90,90,1,1,1,1,1,1,2.293333,2.293333,1,0,0,0,0,0,0,1,1,1,1,1,1,1,1,1,1,1,1,1,1,1,0,0,0,0,0,0,1
ON,PAPA DELS,1201 S NEIL ST,CHAMPAIGN,IL,61820,2173597700,,3958324,20260612,Citrus Surfer 1/2 Barrel Keg,RESTAURANT,"KATHRIN MATHIS 108- Skeff Distributing Co., IL",6.888889,1,0.5,162,162,1,1,1,1,1,1,6.888889,6.888889,1,0,0,0,0,0,06/12/2026,06/12/2026,0,1,0,0,0,0,0,0,0,0,0,0,0,0,0,0,0,0,0,0,0,01/01/0001,01/01/0001,0,0,6.888889,1,0.5,162,162,1,1,1,1,1,1,6.888889,6.888889,1,0,0,0,0,0,0,1,1,1,1,1,1,1,1,1,1,1,1,1,1,1,0,0,0,0,0,0,1
ON,URBANA GOLF & COUNTRY CLUB,100 COUNTRY CLUB RD,URBANA,IL,61801,2173678449,,2386896,20260612,Citrus Surfer 1/6 Barrel Keg,RECREATION/ ENTERTAINMENT,"KATHRIN MATHIS 108- Skeff Distributing Co., IL",2.293333,1,0.166452,70,70,1,1,1,1,1,1,2.293333,2.293333,1,0,0,0,0,0,06/24/2026,06/24/2026,0,1,0,0,0,0,0,0,0,0,0,0,0,0,0,0,0,0,0,0,0,01/01/0001,01/01/0001,0,0,2.293333,1,0.166452,70,70,1,1,1,1,1,1,2.293333,2.293333,1,0,0,0,0,0,0,1,1,1,1,1,1,1,1,1,1,1,1,1,1,1,0,0,0,0,0,0,1
ON,URBANA GOLF & COUNTRY CLUB,100 COUNTRY CLUB RD,URBANA,IL,61801,2173678449,,2386896,20260612,Neighborhood Beer 1/6 Barrel Keg,RECREATION/ ENTERTAINMENT,"KATHRIN MATHIS 108- Skeff Distributing Co., IL",2.293333,1,0.166452,60,60,1,1,1,1,1,1,2.293333,2.293333,1,0,0,0,0,0,06/24/2026,06/24/2026,0,1,0,0,0,0,0,0,0,0,0,0,0,0,0,0,0,0,0,0,0,01/01/0001,01/01/0001,0,0,2.293333,1,0.166452,60,60,1,1,1,1,1,1,2.293333,2.293333,1,0,0,0,0,0,0,1,1,1,1,1,1,1,1,1,1,1,1,1,1,1,0,0,0,0,0,0,1
ON,URBANA GOLF & COUNTRY CLUB,100 COUNTRY CLUB RD,URBANA,IL,61801,2173678449,,2386896,20260612,Easy Eddy 1/6 Barrel Keg,RECREATION/ ENTERTAINMENT,"KATHRIN MATHIS 108- Skeff Distributing Co., IL",2.293333,1,0.166452,90,90,1,1,1,1,1,1,2.293333,2.293333,1,0,0,0,0,0,06/24/2026,06/24/2026,0,1,0,0,0,0,0,0,0,0,0,0,0,0,0,0,0,0,0,0,0,01/01/0001,01/01/0001,0,0,2.293333,1,0.166452,90,90,1,1,1,1,1,1,2.293333,2.293333,1,0,0,0,0,0,0,1,1,1,1,1,1,1,1,1,1,1,1,1,1,1,0,0,0,0,0,0,1
ON,THE DRAFT SPORTS BAR & GRILL,5180 HICKORY POINT FRONTAGE RD,DECATUR,IL,62526,2178551667,,3940816,0,Easy Eddy 1/6 Barrel Keg,BAR/TAVERN,"GAVIN BRAND 101- Skeff Distributing Co., IL",4.586666,2,0.332904,180,90,1,1,1,1,1,1,4.586666,4.586666,1,0,0,0,0,0,06/12/2026,06/26/2026,0,2,0,0,0,0,0,0,0,0,0,0,0,0,0,0,0,0,0,0,0,01/01/0001,01/01/0001,0,0,4.586666,2,0.332904,180,90,1,1,1,1,1,1,4.586666,4.586666,1,0,0,0,0,0,0,2,1,1,1,1,1,1,1,1,1,1,1,1,1,1,0,0,0,0,0,0,1
ON,FRIENDLY TAVERN,216 E SOUTH ST,DANVILLE,IL,61832,2174436062,,4596902,20260611,Neighborhood Beer 1/6 Barrel Keg,BAR/TAVERN,"TOBI HOPE 702- Skeff Distributing Co., IL",2.293333,1,0.166452,60,60,1,1,1,1,1,1,2.293333,2.293333,1,0,0,0,0,0,06/11/2026,06/11/2026,0,1,0,0,0,0,0,0,0,0,0,0,0,0,0,0,0,0,0,0,0,01/01/0001,01/01/0001,0,0,2.293333,1,0.166452,60,60,1,1,1,1,1,1,2.293333,2.293333,1,0,0,0,0,0,0,1,1,1,1,1,1,1,1,1,1,1,1,1,1,1,0,0,0,0,0,0,1
ON,FRIENDLY TAVERN,216 E SOUTH ST,DANVILLE,IL,61832,2174436062,,4596902,20260611,Citrus Surfer 1/6 Barrel Keg,BAR/TAVERN,"TOBI HOPE 702- Skeff Distributing Co., IL",2.293333,1,0.166452,70,70,1,1,1,1,1,1,2.293333,2.293333,1,0,0,0,0,0,06/11/2026,06/11/2026,0,1,0,0,0,0,0,0,0,0,0,0,0,0,0,0,0,0,0,0,0,01/01/0001,01/01/0001,0,0,2.293333,1,0.166452,70,70,1,1,1,1,1,1,2.293333,2.293333,1,0,0,0,0,0,0,1,1,1,1,1,1,1,1,1,1,1,1,1,1,1,0,0,0,0,0,0,1
ON,MARKS ON FIRST,120 E 1ST ST,GIBSON CITY,IL,60936,2177848727,,4610244,0,Easy Eddy 1/6 Barrel Keg,BAR/TAVERN,"RYAN  FRERICHS 705- Skeff Distributing Co., IL",2.293333,1,0.166452,90,90,1,1,1,1,1,1,2.293333,2.293333,1,0,0,0,0,0,07/03/2026,07/03/2026,0,1,0,0,0,0,0,0,0,0,0,0,0,0,0,0,0,0,0,0,0,01/01/0001,01/01/0001,0,0,2.293333,1,0.166452,90,90,1,1,1,1,1,1,2.293333,2.293333,1,0,0,0,0,0,0,1,1,1,1,1,1,1,1,1,1,1,1,1,1,1,0,0,0,0,0,0,1
ON,COUNTRY CLUB OF DECATUR,135 N COUNTRY CLUB RD,DECATUR,IL,62521,2174283415,,2382549,0,Easy Eddy 1/6 Barrel Keg,RECREATION/ ENTERTAINMENT,"GAVIN BRAND 101- Skeff Distributing Co., IL",2.293333,1,0.166452,90,90,1,1,1,1,1,1,2.293333,2.293333,1,0,0,0,0,0,07/16/2026,07/16/2026,0,1,0,0,0,0,0,0,0,0,0,0,0,0,0,0,0,0,0,0,0,01/01/0001,01/01/0001,0,0,2.293333,1,0.166452,90,90,1,1,1,1,1,1,2.293333,2.293333,1,0,0,0,0,0,0,1,1,1,1,1,1,1,1,1,1,1,1,1,1,1,0,0,0,0,0,0,1
ON,CAST IRON KITCHEN,125 W SALE ST,TUSCOLA,IL,61953,2176496224,,4284731,0,Neighborhood Beer 1/6 Barrel Keg,RESTAURANT,"TOBI HOPE 702- Skeff Distributing Co., IL",2.293333,1,0.166452,60,60,1,1,1,1,1,1,2.293333,2.293333,1,0,0,0,0,0,06/10/2026,06/10/2026,0,1,0,0,0,0,0,0,0,0,0,0,0,0,0,0,0,0,0,0,0,01/01/0001,01/01/0001,0,0,2.293333,1,0.166452,60,60,1,1,1,1,1,1,2.293333,2.293333,1,0,0,0,0,0,0,1,1,1,1,1,1,1,1,1,1,1,1,1,1,1,0,0,0,0,0,0,1
ON,HOME PLATE BAR & GRILL,2571 S KOKE MILL RD,SPRINGFIELD,IL,62711,2176522787,,4312752,20260611,Easy Eddy 1/6 Barrel Keg,BAR/TAVERN,"B RABACCHI 205- Skeff Distributing Co., IL",2.293333,1,0.166452,90,90,1,1,1,1,1,1,2.293333,2.293333,1,0,0,0,0,0,06/12/2026,06/12/2026,0,1,0,0,0,0,0,0,0,0,0,0,0,0,0,0,0,0,0,0,0,01/01/0001,01/01/0001,0,0,2.293333,1,0.166452,90,90,1,1,1,1,1,1,2.293333,2.293333,1,0,0,0,0,0,0,1,1,1,1,1,1,1,1,1,1,1,1,1,1,1,0,0,0,0,0,0,1
ON,SHAMROCK PUB,155 S WATER ST,DALTON CITY,IL,61925,2178749701,,3123572,20260610,Citrus Surfer 1/6 Barrel Keg,BAR/TAVERN,"GAVIN BRAND 101- Skeff Distributing Co., IL",2.293333,1,0.166452,70,70,1,1,1,1,1,1,2.293333,2.293333,1,0,0,0,0,0,06/16/2026,06/16/2026,0,1,0,0,0,0,0,0,0,0,0,0,0,0,0,0,0,0,0,0,0,01/01/0001,01/01/0001,0,0,2.293333,1,0.166452,70,70,1,1,1,1,1,1,2.293333,2.293333,1,0,0,0,0,0,0,1,1,1,1,1,1,1,1,1,1,1,1,1,1,1,0,0,0,0,0,0,1
ON,BUTTERNUT HUT,106 W JEFFERSON ST,SPRINGFIELD,IL,62702,2177897777,,4738737,20260610,Citrus Surfer 1/6 Barrel Keg,BAR/TAVERN,"RYAN COOKE 201- Skeff Distributing Co., IL",2.293333,1,0.166452,70,70,1,1,1,1,1,1,2.293333,2.293333,1,0,0,0,0,0,06/16/2026,06/16/2026,0,1,0,0,0,0,0,0,0,0,0,0,0,0,0,0,0,0,0,0,0,01/01/0001,01/01/0001,0,0,2.293333,1,0.166452,70,70,1,1,1,1,1,1,2.293333,2.293333,1,0,0,0,0,0,0,1,1,1,1,1,1,1,1,1,1,1,1,1,1,1,0,0,0,0,0,0,1
ON,ATKINS GOLF CLUB,2560 S STONE CREEK BLVD,URBANA,IL,61802,2174818150,,4733265,20260609,Easy Eddy 1/6 Barrel Keg,RECREATION/ ENTERTAINMENT,"CHAD KELTON 109- Skeff Distributing Co., IL",2.293333,1,0.166452,90,90,1,1,1,1,1,1,2.293333,2.293333,1,0,0,0,0,0,06/24/2026,06/24/2026,0,1,0,0,0,0,0,0,0,0,0,0,0,0,0,0,0,0,0,0,0,01/01/0001,01/01/0001,0,0,2.293333,1,0.166452,90,90,1,1,1,1,1,1,2.293333,2.293333,1,0,0,0,0,0,0,1,1,1,1,1,1,1,1,1,1,1,1,1,1,1,0,0,0,0,0,0,1
ON,COZS,1405 E VILLAGE PKWY,MT ZION,IL,62549,2178641311,,3405617,20260610,Neighborhood Beer 1/6 Barrel Keg,RESTAURANT,"GAVIN BRAND 101- Skeff Distributing Co., IL",2.293333,1,0.166452,60,60,1,1,1,1,1,1,2.293333,2.293333,1,0,0,0,0,0,07/14/2026,07/14/2026,0,1,0,0,0,0,0,0,0,0,0,0,0,0,0,0,0,0,0,0,0,01/01/0001,01/01/0001,0,0,2.293333,1,0.166452,60,60,1,1,1,1,1,1,2.293333,2.293333,1,0,0,0,0,0,0,1,1,1,1,1,1,1,1,1,1,1,1,1,1,1,0,0,0,0,0,0,1
ON,LONGHORN STEAKHOUSE #5404,2101 N PROSPECT AVE,CHAMPAIGN,IL,61822,2173529189,5404,3306184,0,Easy Eddy 1/6 Barrel Keg,RESTAURANT,"CHAD KELTON 109- Skeff Distributing Co., IL",2.293333,1,0.166452,90,90,1,1,1,1,1,1,2.293333,2.293333,1,0,0,0,0,0,06/25/2026,06/25/2026,0,1,0,0,0,0,0,0,0,0,0,0,0,0,0,0,0,0,0,0,0,01/01/0001,01/01/0001,0,0,2.293333,1,0.166452,90,90,1,1,1,1,1,1,2.293333,2.293333,1,0,0,0,0,0,0,1,1,1,1,1,1,1,1,1,1,1,1,1,1,1,0,0,0,0,0,0,1
ON,CEDAR & SMOKE,25 N FRANKLIN ST,DANVILLE,IL,61832,2174170857,,4842653,20260611,Citrus Surfer 1/6 Barrel Keg,BAR/TAVERN,"TOBI HOPE 702- Skeff Distributing Co., IL",2.293333,1,0.166452,70,70,1,1,1,1,1,1,2.293333,2.293333,1,0,0,0,0,0,06/11/2026,06/11/2026,0,1,0,0,0,0,0,0,0,0,0,0,0,0,0,0,0,0,0,0,0,01/01/0001,01/01/0001,0,0,2.293333,1,0.166452,70,70,1,1,1,1,1,1,2.293333,2.293333,1,0,0,0,0,0,0,1,1,1,1,1,1,1,1,1,1,1,1,1,1,1,0,0,0,0,0,0,1
ON,PANTHER CREEK COUNTRY CLUB,3001 PANTHER CREEK DR,SPRINGFIELD,IL,62711,2175464431,,2385347,0,Easy Eddy 1/6 Barrel Keg,RECREATION/ ENTERTAINMENT,"RYAN COOKE 201- Skeff Distributing Co., IL",2.293333,1,0.166452,90,90,1,1,1,1,1,1,2.293333,2.293333,1,0,0,0,0,0,07/08/2026,07/08/2026,0,1,0,0,0,0,0,0,0,0,0,0,0,0,0,0,0,0,0,0,0,01/01/0001,01/01/0001,0,0,2.293333,1,0.166452,90,90,1,1,1,1,1,1,2.293333,2.293333,1,0,0,0,0,0,0,1,1,1,1,1,1,1,1,1,1,1,1,1,1,1,0,0,0,0,0,0,1
ON,SOUTH SIDE COUNTRY CLUB,1650 COTTAGE DR,DECATUR,IL,62521,2174237789,,2386223,20260610,Easy Eddy 1/6 Barrel Keg,RECREATION/ ENTERTAINMENT,"GAVIN BRAND 101- Skeff Distributing Co., IL",2.293333,1,0.166452,90,90,1,1,1,1,1,1,2.293333,2.293333,1,0,0,0,0,0,06/26/2026,06/26/2026,0,1,0,0,0,0,0,0,0,0,0,0,0,0,0,0,0,0,0,0,0,01/01/0001,01/01/0001,0,0,2.293333,1,0.166452,90,90,1,1,1,1,1,1,2.293333,2.293333,1,0,0,0,0,0,0,1,1,1,1,1,1,1,1,1,1,1,1,1,1,1,0,0,0,0,0,0,1
ON,CORNER PUB & GRILL,3271 W ILES AVE,SPRINGFIELD,IL,62711,2175463600,,2968170,20260611,Easy Eddy 1/6 Barrel Keg,RESTAURANT,"B RABACCHI 205- Skeff Distributing Co., IL",2.293333,1,0.166452,90,90,1,1,1,1,1,1,2.293333,2.293333,1,0,0,0,0,0,06/12/2026,06/12/2026,0,1,0,0,0,0,0,0,0,0,0,0,0,0,0,0,0,0,0,0,0,01/01/0001,01/01/0001,0,0,2.293333,1,0.166452,90,90,1,1,1,1,1,1,2.293333,2.293333,1,0,0,0,0,0,0,1,1,1,1,1,1,1,1,1,1,1,1,1,1,1,0,0,0,0,0,0,1
ON,FATMANS WAREHOUSE,138 N VERMILION ST,DANVILLE,IL,61832,2174462424,,2484896,20260611,Citrus Surfer 1/6 Barrel Keg,BAR/TAVERN,"TOBI HOPE 702- Skeff Distributing Co., IL",2.293333,1,0.166452,70,70,1,1,1,1,1,1,2.293333,2.293333,1,0,0,0,0,0,06/16/2026,06/16/2026,0,1,0,0,0,0,0,0,0,0,0,0,0,0,0,0,0,0,0,0,0,01/01/0001,01/01/0001,0,0,2.293333,1,0.166452,70,70,1,1,1,1,1,1,2.293333,2.293333,1,0,0,0,0,0,0,1,1,1,1,1,1,1,1,1,1,1,1,1,1,1,0,0,0,0,0,0,1
ON,WESTWOODS LODGE PUB & GRILL,2406 W JEFFERSON,SPRINGFIELD,IL,62702,2176989256,,2387147,20260610,Citrus Surfer 1/6 Barrel Keg,RESTAURANT,"RYAN COOKE 201- Skeff Distributing Co., IL",2.293333,1,0.166452,70,70,1,1,1,1,1,1,2.293333,2.293333,1,0,0,0,0,0,06/16/2026,06/16/2026,0,1,0,0,0,0,0,0,0,0,0,0,0,0,0,0,0,0,0,0,0,01/01/0001,01/01/0001,0,0,2.293333,1,0.166452,70,70,1,1,1,1,1,1,2.293333,2.293333,1,0,0,0,0,0,0,1,1,1,1,1,1,1,1,1,1,1,1,1,1,1,0,0,0,0,0,0,1
ON,QUALITY BEER INC,110 N NEIL ST,CHAMPAIGN,IL,61820,8155492101,,3277913,0,Citrus Surfer 1/6 Barrel Keg,BAR/TAVERN,"KATHRIN MATHIS 108- Skeff Distributing Co., IL",2.293333,1,0.166452,70,70,1,1,1,1,1,1,2.293333,2.293333,1,0,0,0,0,0,06/18/2026,06/18/2026,0,1,0,0,0,0,0,0,0,0,0,0,0,0,0,0,0,0,0,0,0,01/01/0001,01/01/0001,0,0,2.293333,1,0.166452,70,70,1,1,1,1,1,1,2.293333,2.293333,1,0,0,0,0,0,0,1,1,1,1,1,1,1,1,1,1,1,1,1,1,1,0,0,0,0,0,0,1
ON,OBRIENS CORNER TAVERN,800 E MAIN ST,DANVILLE,IL,61832,2174431981,,2488680,20260610,Easy Eddy 1/6 Barrel Keg,BAR/TAVERN,"TOBI HOPE 702- Skeff Distributing Co., IL",2.293333,1,0.166452,90,90,1,1,1,1,1,1,2.293333,2.293333,1,0,0,0,0,0,06/18/2026,06/18/2026,0,1,0,0,0,0,0,0,0,0,0,0,0,0,0,0,0,0,0,0,0,01/01/0001,01/01/0001,0,0,2.293333,1,0.166452,90,90,1,1,1,1,1,1,2.293333,2.293333,1,0,0,0,0,0,0,1,1,1,1,1,1,1,1,1,1,1,1,1,1,1,0,0,0,0,0,0,1
ON,FINLEYS TAP HOUSE,3236 GINGER CREEK DR,SPRINGFIELD,IL,62711,4358999855,,4059355,0,Easy Eddy 1/6 Barrel Keg,BAR/TAVERN,"B RABACCHI 205- Skeff Distributing Co., IL",2.293333,1,0.166452,90,90,1,1,1,1,1,1,2.293333,2.293333,1,0,0,0,0,0,06/12/2026,06/12/2026,0,1,0,0,0,0,0,0,0,0,0,0,0,0,0,0,0,0,0,0,0,01/01/0001,01/01/0001,0,0,2.293333,1,0.166452,90,90,1,1,1,1,1,1,2.293333,2.293333,1,0,0,0,0,0,0,1,1,1,1,1,1,1,1,1,1,1,1,1,1,1,0,0,0,0,0,0,1
ON,PROJECT 47 SMOKEHOUSE,101 N LOMBARD ST,MAHOMET,IL,61853,2176719069,,4016813,0,Easy Eddy 1/6 Barrel Keg,RESTAURANT,"MATT CASE 107- Skeff Distributing Co., IL",2.293333,1,0.166452,90,90,1,1,1,1,1,1,2.293333,2.293333,1,0,0,0,0,0,06/11/2026,06/11/2026,0,1,0,0,0,0,0,0,0,0,0,0,0,0,0,0,0,0,0,0,0,01/01/0001,01/01/0001,0,0,2.293333,1,0.166452,90,90,1,1,1,1,1,1,2.293333,2.293333,1,0,0,0,0,0,0,1,1,1,1,1,1,1,1,1,1,1,1,1,1,1,0,0,0,0,0,0,1


